Checkpoint,Epoch,Dice,IoU,F1,Precision,Recall
checkpoint_epoch_85.pth,85,0.9548782706260681,0.9136527180671692,0.9548783302307129,0.959716260433197,0.9500888586044312
checkpoint_epoch_86.pth,86,0.9553017020225525,0.9144284725189209,0.955301821231842,0.9586057066917419,0.952020525932312
checkpoint_epoch_87.pth,87,0.9545771479606628,0.913101315498352,0.9545770883560181,0.9552055597305298,0.953949511051178
checkpoint_epoch_88.pth,88,0.9553429484367371,0.9145039319992065,0.9553430080413818,0.9579513669013977,0.952748715877533
checkpoint_epoch_89.pth,89,0.9548529982566833,0.9136063456535339,0.9548529386520386,0.9584193229675293,0.9513130187988281
checkpoint_epoch_90.pth,90,0.9541046619415283,0.9122374057769775,0.9541047811508179,0.9565138816833496,0.951707661151886
